id,text
1,l k h eh ai h
2,h a s i l h k l ong kh a l ong kh h h l ong k a s a h ts ts h a s k i a s i kh h h a h
3,h a h a kh a k a h ts kh a kh s s h h ong kh ong k ong h s e s t
4,ts a kh h a ts a i a k a k i a k a h a s k a k e s i k ong l h ong s a h tsh tsh ai h k ts i h ong kh i
5,mh a l a s a l a i k l i k ong kh i ts
6,l a k a k a l i k h a kh i i h a k a s l l a s s i
7,l l a s i h a s a h h s i h s u l i kh h k ong k ong h h e s i s
8,a l i l a kh a k a h a s i ts k ai ts i k ong k i h ong ai h k ong k i ai ts s i h a l ong
9,l ts s a h l ong h kh i l a ts h l ong k i k ai s
10,l a k a i k a h a k h k k i ong ts i s s i ai i h
11,l h a h k i k k i a kh a ts a s i s k ong kh h s i h s i k ong s an s h a s h i k i kh h s k i s k i s k ong h h h h h h i h ong l l ong t i h k an ts h
12,h an ts it ts ai kh i k a k a l ai ai ai h a ts
13,h a l a s i k l a kh
14,h a k o h a h a h ah
15,s l h l ong i ts l a k a h
16,k k l a l a l a l a k s i ts h h s a l an ts h a k oo
17,h l a l a h l a ts h a l a e l
18,h a l a k a h k i s l a l ong k a h a h h ai s ts ts s i h ong k ong s i l a h l ong ts ong s i h a l ah
19,ts l a l e s i k h l ong ts k ong k ai s k ong k a s u k i
20,h a l h a l a ts s i s
21,ts a s i k an ts i ts a kh l ong h h k ong k i h ong k i a h kh
22,h kh s h a k a s i
23,h a k k kh k k h i s h
24,s s i s l a l h a k h a k ong l ong h a h s l ong ong h a l ong k ong h h s h a k h ts h
25,a i a s i k i k ong l ong l a s i h i l ai l a h
26,l s i l a t s h i h l a k ai l a h k ong k ong i h
27,h a ts k k i s s h l ong k ong s i k a kh ong k ong s i h h a s i h h ong i ai ts k i
28,l a s l i a h a s i l k h s i h e s i k h k ai kh i s i
29,s l a l l a s k ong h k i h a s k h an ts l ong i k ong k h s a s l ong h h h a kh ong h s h
30,h k i i a s a l a s ts i
31,l ts l a k a l i k l h
32,h l an ts k a kh i a h kh ai kh ai l ah
33,h k l a kh h a ts k i a h i ong s i l ong k l h a h a k ong ong k i h s l ai kh an ai ts i
34,h a l a k a ts ts s l a h a e l ong k i h ong kh i k k a l ong i l ah
35,ts a kh l a kh a k a h i h a l a l a l
36,h l a eh l a i ai l ah
37,ts k a ts a s h a s i a k a s u h ai s k h h ong i s h l ong h h ts l a k i h
38,h s a i s k a k a h h ai
39,h a kh a l a l a l a k h a h a h h a l a l a kh h
40,h a h a h a ts i k ai h k a k i s l h h h h a s i s i ts ong ts k i h ai kh a h a kh a k ah
41,h a l an ts
42,l k ai ts i a ts i s i s l ong kh h
43,h a t h i k ong t ai a h k l h a i h l ong i ts a i k a tsh l an tsh
44,s s k oo s a l
45,l s i k k h k i k ts it ts l a k ai l ai
46,h a l a l a a k ong h h a e s a l a h a h a h ah
47,h a k h a h
48,h a ts h k a s h a h a h a k a h s l ts h l ai ts s s
49,s a k h ts i a h s i
50,h ah
51,l a k a l ai s i ts s k a h a k ong h h ong k ong l ai s k a l ong ai h a kh l h h ai e l
52,h ts l k a kh a s i h k ong a s k an ts
53,mh a l a k a s i i ts a ai h h i
54,h i h a k i a k a ts a ong k i k k ong k i k a k a l ong ts h i t s u i
55,s a k a l ai s i ai ts i
56,h a kh l a l
57,h i s l an ts s i s h h i h a i s l an kh
58,l k l eh l ah
59,h a k a kh h s i s k ai kh i h ts k ong h k ong kh a h a k ah
60,ts it k ong kh l i a k s s u l i l a l ong h ai h
61,ts an ts h ai ts i kh kh h h s ts kh a l ong k a kh h a l ah
62,h a l a l a l a kh l
63,l a l a k i l ong e s
64,h a kh i k a ts a h k i ts k a s i kh ong ai ts a k ong l a h
65,s a s i s a h a kh i k
66,l k a h a s i k s ong kh l s l ong k ong k ong ong s s e s i t
67,h h h a l h ah
68,s kh a kh i a ong l a tsh a kh a h l a h ah
69,ts l a s i h a h a l ah
70,h ts it l ai s i ong i h h ts l ong ong ong k ong s l a h k ong i s
71,ts l l a k ai kh k s a l a s i kh h a l l h a h ong l ai kh i
72,h an ts a k i ts a ts i h i kh a h i ong kh a l ong h s
73,l a ts i kh eh k a k
74,l a k a h h a l a s i h ai s h a k a l an ts a l ong ong h ong h ong kh i
75,h a k a l a h a tsh l ai kh s
76,i kh i h a e k l a ts
77,h a tsh a k h a h ai s i h
78,tsh ai ts h
79,h
80,l i l ai s i h i i ong i i h a s an ts a k a k h a k ong kh s h
81,h a k a s i l
82,ts s h i s ts a s i kh h a l a k h
83,ts k a k a ts k ong l ong k k i h a k k i k s kh ai h
84,ts s k l a k a l a t ts ts h a l ai ai ts l i ai ts
85,ts a kh i ai s i h l a k k i k ong s a h ong kh h ts i ts h ai s i h k
86,h a s a l a l a eh k ah
87,ts a ts it h a s k i l a h a k a kh
88,l kh a l a l a s i s h h a kh a l a k a s i k a l a s a s i h ah
89,s l a k i h h a h h ai s i k ts ts a k a h ong e ts i h s k i i t
90,ts h k k a l ong j s s l i a s a h a k ong l a s s h s ts h ai s a h a h h ts h h ong h ong k a l a k a l ong h a s h h h h l ong ts i a s h s h l ong s i h k ong l ong h h a h
91,s i a e k a i l ah
92,ts a s a s a s i h h a h a s h h a ts l ong s i l ah
93,mh a s l ah
94,l a i ts a k a l a h
95,mh a h eh l ah
96,l s kh i k ong h ai ts i l ai kh l ah
97,h a l a i k k a l a k a h l l ong k i k ong kh a s i s kh a k ah
98,h h a kh l ai ts i s kh i ts ai s i ai s i h i kh ong k k ong h i e s a k ong l
99,h a k kh ts
100,h a k l ai k i ah
101,h a kh a s h h a k s i s i ts h k i k ong ts s kh a k ong l i k k ai h a h
102,h a kh i a h a l a h a l h i a k h h a l a s s
103,h a s i
104,s l a k a k a s i a h h h s i k s
105,l k k ong i s e s s
106,l k k l h t k a ong l a ts a k a s i s i h a ts it s l h ong l ong kh i k ong kh i h i k h
107,ts a k h h a s i h h k h a l h s kh a h a h h a h a s h k ai s i s h a l kh i k l a kh l
108,l tsh l a l a l a l ai k a h a h ah
109,h s i kh ts a k ong ai s i a l s a l a h h l h ts i k i h l i
110,h h a l a h h a i k h a ai s i s i ts k a s a k o l
111,h s h a l a s j i s ts k h
112,s s i kh h ts a k ong i k ai k a h ts a k ong h a kh k k i e s s h ts k l i
113,s l a ts i e k a k a s i h a l ai ts
114,l a s i h ah
115,h a k a ts h h a ts k ai k i
116,mh a l
117,h a s
118,l a h a s i h k a s a s i s ong i i e s l s k h ong k ong t l ong k ong ts s
119,h a k a l a h a kh a s i a l a ai t kh l ai ts i h
120,h i kh i h ai i h a k h a kh h h a k k a k h h
121,ts a k a h h a kh ong ts k ah
122,s l h a k ong t h a ts a k i h ah
123,k kh s i k a k l a k ong k kh i h ong h h l h k i ts h h ai s s h h an ts a k ong k h s s i ong k k ong ai ts l ong k i
124,mh a l ai l i l h a l ai kh
125,l k a h an k ai ts i s a k a h a k a k ong k a h a i ts
126,h a h s an ts ts kh l k ai kh a l
127,l a h h ai k a ts s h a
128,h h h l a k e s l ai kh i a e h
129,h a l a l a h k ai kh i kh h a s l ah
130,ts i k i a s i s a kh a s i a a s
131,l l a k h s i j s i h s i k h a k l ong h h i s u h l ah
132,l a k e s i k k h h ong t e s s k k ong s l h s i h ong k a s h
133,l ts it k a k a kh a kh l ong kh i s l a h kh ong h s s s u l a h a k ong h k ai ts i h ong t ai k i i
134,h an ts ai l a l ah
135,h a k a h eh k h ai h ah
136,h a s i i ts l a kh a k ai ts k a l a s ts kh ai k
137,k a kh s s i l ong s s i h l ong h ong k ong e tsh h k ong h i k ai s u k k ong s
138,h a
139,h ts it kh a s h a s s h ts h ong k ong k ong kh i s h a l
140,mh a k a h ah
141,h a l a k ah
142,k an k a l a s
143,ts h i a s h a k h h ong k i
144,h a s i a k h k a h ai s i a k a s i k kh k ong h a s i h h h s i k ong h a h a k a s a h ong h h a k ai h kh i kh
145,l h a l
146,ts h h a s k a t l a l ong t i h h a ts a h ai h h h h
147,s l ah
148,ts h l a h a ts
149,h a l a k l l a ts i s
150,l i h a eh kh ai k ai k i
151,a s
152,h a ts ai k h h s a s kh a k k i h l k ong s i e s h a ts i kh
153,s l a s k ong k a k a l ong i s h a k ong k a ts a ts k a s k l ong s k a k a ts s i s i
154,h a kh ts k i ts ai ts i s i k l a h h a l
155,l k a t s h a h ong h ong t i k i
156,h h l eh k a l kh l ah
157,l k a k a k i k ai ts i h a k a h ong k s i h h h s i tsh k ong h h a s a s ts a k ong
158,k l a ts k a l a l s i h s h k a h a k ai k
159,h h a eh ts l ai h a s h a h a kh i l a h
160,h a e l a k ah
161,mh i k a k a k a l i ts l a h a
162,ts k l a a tsh a ts it ts h h a ts i tsh a s l a l k ai t h ai kh a h h h ong k a l i h a l
163,h h s a k ong k i l h ong k ong h kh l h a s i ong i h a s i a s i s ts i h s k ong h ts h a h
164,h a s i k h h h a k i l a l a k ong kh h a k ong s s s
165,h k kh h e s ts s
166,h a an tsh l a s a s l h s a h s i tsh
167,ts s a k k h a h s i ong t k i s kh s h h ong s i h s h a k
168,h h an ts s h l ong ts h s k k i ong k a s kh s a h a l ah
169,mh a i l a kh a l h s i l ai h a l
170,h ts a l a s a h h h ong ts i a k s k a h
171,h h i k i k a ai k i h a s u h kh i
172,h k a kh a l a kh ts h
173,h k a h ai k l i
174,mh a eh
175,h s a ts a s i kh
176,h a k a kh i l a h k l h ong i s a h h l a l k ong i kh e s i h a s l ong s i
177,kh i s i l a i s
178,h l ai k i h kh a k kh ts i a kh ai i i
179,l k l a h k k a k a s i kh i ai k i h
180,l k a s k a l a tsh a kh ong k i ts a s a s i kh h h h h ong t k ong k ong h s
181,mh h eh l ah
182,s a k a h a kh h a ts s s i h a l a e ts ah
183,l l k ong k i s h a s i s i k a k ong k h a s a s s k
184,h a l i a h kh a h ah
185,l ts a kh i s a i k ong kh ai kh
186,a ts i k a ts
187,s ts e s i h a k ong l a s a i s a h s l ong k i
188,h a s s i l a k a h ong k h ts ong k i t i ts s k h k i
189,s h kh kh s a h kh a ts ts s a h ong l ong l h s i h a h s l h ts
190,h i a h a kh
191,h a s l ah
192,s s i a k h k a h a h h l ong k a s i a h h
193,h a l a k ah
194,l k h kh a k a l a l a s k ong ts h kh s s a s i ong s i k a s
195,l k a k a k a s i h h ai tsh i s an ts h ong ai ts ong k a t k ong k k h a k a k l ong h ong s a l ong l a l a h
196,h a h k h h k i i h a h ts a k a s a h h a h
197,kh kh i l a k a h h a ts i ai h a l a kh h ah
198,l eh k a k a s i ts h h h h e k ai ts it h l a l ai ts it k ai kh a k l ah
199,h a i h i a s s k k ts ong kh h s l a l ong kh h
200,k kh i i
201,h a ai l ah
202,l k h a k h a l a i s i an ts k a k i l h a k ai h ong
203,h k i eh k l a a kh a l a h i ah
204,h a k h a k a i k i ts i i l a h h l ah
205,h a h l h a h e s i s a s a k h h s i an ts
206,h ai kh a k
207,h l a kh a k a kh i k ai h h k i h a kh h h h i ai l ah
208,ts k i kh a ai kh h s s ong ai s i s h s a k an ts an ts a h h
209,ts tsh h l a l a h l a h ts k ong k ai s i s s
210,l s i ts ts i a s i s s i a h
211,h a k a i e s l k a s i h h a h ai k ong a ts a k a s a h a h k ong l i l an ts ai h h i ong h i l a kh a l
212,l k a s l ong ai s i ong k i k ong l h l ong ts i h a ts e s i h kh ong kh l ong s i i
213,h a k kh a l e s l a ts t k ong kh h l ong i k i s s l h a h s i h a h ai t
214,ts l a l e k ai ts it k a l a kh a h a k ai k i e l a l k ah
215,s a ts ts i l a s i s
216,h a h a l i a h h s ts k h ts a ong k i s l h a k i h a h k i l e k h ong k
217,s l ah
218,l ts it h a e
219,mh a ts i i a kh k kh i j i
220,h ah
221,ts ts h a l ong k l ong ai s i h h ah
222,h a k l a l a kh s h s h l s k
223,h l a eh k a l a l a s i ai h a l a h ah
224,l a ai k i s k h i s a i k i h a k ai e k ai k ai k i ong h h
225,mh
226,h i s i h kh a l ah
227,h k a ts l a ts a k a l ong k s i k s h an ts s ts i ong k i k ong k i
228,k l a ts i ai k k a h a h h ong s an ts l i h l h a ts a l a ts a l ai l ai kh i i ai k h a l ah
229,h a e s l ong k a h s h a s i s h a l ah
230,h an ts h h l ai k ts ts l ong k s a k a k l ah
231,l a s i h h a k h h h ai kh h a h ai k
232,l a a l a l ong l i k a kh k a h a t h h i h h a h ai s i a h a l ong h a h
233,l k a t s h ong ts h l ong kh h an ts k h a l ong l ong k h h a ts a ts s i h a h ong h h an ts k ai h i k a l
234,l kh a k ai k i k i kh s k kh h h a l ong kh i h an ts i h a l ah
235,l a s i a s a h a k a s a k a l a k
236,h a kh s k i l ong s i
237,s s i kh l k ong l h a a h a k s a l a h
238,mh a s s i ai i i h h l ong
239,ts a k l a kh a l h a ts l i ts it k a l k i k ai k ts s i h an ts l ong ts it ts h a k a s h o h ah
240,mh kh i l ai ts l a l ah
241,ts a h a l a k a k i h l h a l ah
242,ts a s ts l a i k k s a s h a k h a k ong k i a k h ong t i ts
243,ts kh kh i l a k ong i k s k ong ts ong kh a t ts i k l ts a k ong l ts k ong s k a h
244,h k a s i h a ts a l ong h l ong l l ong k i l i ai s i ai k l ah
245,l k h a k a h kh i kh h a k a l ai h h a s i h
246,h h kh k a kh a kh a kh
247,l s s ts a tsh a h a l i a h a l ai k
248,h a l h l a kh i kh ts a k ai kh h
249,h i k a k ong k l a s i h a k ong k i k ong ts k i k ong i ong l ai s k ong h h i i kh i ts it
250,l k a l a l a h k a kh h
251,s h l a kh i ts it h s h l ai k i l ong h a kh
252,h s l a s s i
253,l s l kh s s a k a l i a h ah
254,mh a l a k a l an ts h a l a k l a h a
255,h a k a l i l a l eh l ah
256,h a k a l k k a ts it s h a s k a k ah
257,h s k a ts k i l ai kh l ah
258,mh a l a l a kh a eh kh a t
259,mh a l i ts a h ai k ai l a kh i l ai ts i a a l a kh a h a
260,h a kh a h a k i l ai ts i h h a h a h a h a ts ai k a l a l a l a l ai l a l
261,h a s i i ai s u k s k ong k ong ts i h s an ts ong k ong ts k i h e s
262,k a kh a k l i l a h a
263,h a s i l ong kh a s h s a s ong kh s i
264,h h a kh a l kh s h a k h h s i k ong t h ts a h i h a s i
265,s a kh a h k a k i k i h a l a h l a ts h a l ai ts
266,k k a l i k a h ai ts a kh a kh a s i l a h k ong t s a k ai t i
267,ts l h h k tsh h a h l a s h a h h k i
268,h k
269,ts a h a kh a l i i k a l kh a t s h l a l ah
270,h a ai kh i h h
271,l a k a h l a l ai ts s h k a h ong k k h h e s h h a s kh an ts
272,h a l s i ts a s s s i ts i tsh an ts ai ts h h h ai t i
273,l l a h a h k a i eh l ah
274,ts a l a h a i l i h a
275,eh
276,h a h a l a l a h k a s i ts k a s ts
277,ts h a l a i
278,ts l h k a l a l ai kh a h a kh a l a k ah
279,h a ts i a e k l ai ts e s k l ai ts l ah
280,an ts a l a k a t k i k
281,h a h a k a l h l a ts kh i k ong k i a k ong k i ai ts h h a h a e s u a kh ts ong kh l a l ong s i
282,h h k ai ts i ts s h a s i a h ai s l ai ts it a s i s h h k ong k h h l h ong h a l a s i a k k k h h an ts k h ong h ong s kh ong i s h
283,h a l a s l s a k h a k l h ong h s s s k an k h h e ts l ah
284,h a kh a k kh h a k ai s s ts i ai ai k h ah
285,s a h h a h a h ai h l ah
286,ts h h s i h k ong i s s u h ts i ong k ong l ong h h k ong k ong k ong k ong s k ong h h ts ts a s i h h h s i
287,mh a l i h h a h a l a h a a l a t l s a kh a k a l a l ah
288,l s h a h s k k a l ong kh s a k l ong s h ts k i h l ong ts s a h k a s i ong k i ong i kh a s
289,ts a tsh l a k a h l ong t l l ong i ai ts i
290,h a h s l i ong s i
291,s a k a h a k a ts a s l a s h i ts l l ong kh
292,l s k s kh i k ong k h i l ah
293,i i a k a s a kh a ts h s a ts a ts l a ts i s a s h h an tsh k ong k ong s h s e s l a h a k ong k a ts ong h ong kh s h a h h h s kh h ong t i l a s i l ong k l ong kh ong t ong h h h
294,l eh kh i i h a l
295,l a kh k k e s i
296,s s h
297,l k a h a s k a l ai h k s l i ts a s ah
298,l s l h l a l s an ts t l ong l a kh a h ong h h k ai ts ts a kh ai h a k ai ts ts i h
299,k ts i
300,l h a l h a h a ts k ong h ts i ai ts h ts l ong h ong s a l k ai ai k a h k a l a h a l ah
301,h a s i l ai k e k l ah
302,l a l a k h a h h h a i ts i h h ai ts h
303,h l an ts it s l a l
304,l an ts ai ts
305,s k s a l a s k a ts s l a h s s i s s i h ong h ts ong s s ong t ts ong ai s h ts h h a h h h h
306,h a l l a kh k a l a h a k h a k i kh h a ai
307,h a a l a s i h a s ts a l ong ong k a h ai s i k an t ts
308,mh a s i k h l h a k a i i s k ah
309,mh
310,h eh k
311,l ts h a k a l a k a kh
312,h l i kh a k a h kh k i h h a h h k e s a ts h h l a l h a h
313,h k l a k a h a h a l ah
314,h kh a ts ai i k
315,h a kh s kh a k a tsh a k a s a h
316,l h a l a s i s s s h s k ong s
317,s s i ts a e k ai kh i k a l ah
318,h a h i h a s a h s kh h s l l a ts k s h s
319,l a i ts k a k ai a l a i kh ai ts a k a l ah
320,mh a l a l a eh kh i
321,h a h h h a h a h a k a l ong kh a k ai s
322,mh a k a l a l a l a k l a l a kh l ah
323,ts l a l a s i k l a l ong kh a ts a s a h kh i
324,ts it h a s i kh
325,h s i
326,ts k k a l ai ts h a ah
327,l l a k h a eh l ai
328,mh a l a h a h a l a l a h ai k ah
329,h a kh a k k i h ah
330,h k a i l ai k ai k ah
331,s a k a h h a l a s l i l a h a h a l ah
332,h k kh a e s a h ts k ong l ong h ong kh k a s u h
333,ts l a kh a ai k k a s h ai h ah
334,h a i h ts l a l a k i a s i k a k a ts h an ts k i ong e k a k a k h a
335,l k k a s k ong h l ong i e s k h k ong l ong kh h a kh ong l ong tsh kh i i
336,s ts a s i h l ong ts ong k a s l h h a h ong e k h l ah
337,s s l l ah
338,l an k a a k ts s i a s i h an ts ong s h
339,l eh k h l a h a l a i h ts k a h
340,k a h an ts h a h l a h kh i k l a l a s kh l an ts a h a h a kh ai ts a h h a l ong k ah
341,l a h h a k ai s s h k i h a s i
342,ts ts l ong l a l a k ong e k i s h kh ai l a l ah
343,h s h a l ah
344,l an ts a ong i h ong i kh h l ong l h s h h h a k h ai s h a s k ong k ai h
345,h an tsh k ah
346,h a kh i h i ts ai kh i ts a l ah
